-- --------------------------------------------------------
-- Хост:                         127.0.0.1
-- Версия сервера:               10.3.7-MariaDB - mariadb.org binary distribution
-- Операционная система:         Win64
-- HeidiSQL Версия:              9.4.0.5125
-- --------------------------------------------------------

/*!40101 SET @OLD_CHARACTER_SET_CLIENT=@@CHARACTER_SET_CLIENT */;
/*!40101 SET NAMES utf8 */;
/*!50503 SET NAMES utf8mb4 */;
/*!40014 SET @OLD_FOREIGN_KEY_CHECKS=@@FOREIGN_KEY_CHECKS, FOREIGN_KEY_CHECKS=0 */;
/*!40101 SET @OLD_SQL_MODE=@@SQL_MODE, SQL_MODE='NO_AUTO_VALUE_ON_ZERO' */;


-- Дамп структуры базы данных vasilyno_salon
CREATE DATABASE IF NOT EXISTS `vasilyno_salon` /*!40100 DEFAULT CHARACTER SET utf8 */;
USE `vasilyno_salon`;

-- Дамп структуры для таблица vasilyno_salon.vasilyno_brand
CREATE TABLE IF NOT EXISTS `vasilyno_brand` (
  `id` int(10) NOT NULL AUTO_INCREMENT,
  `id_material_category` int(10) NOT NULL,
  `name_brand` varchar(120) NOT NULL,
  PRIMARY KEY (`id`),
  KEY `id_material_category` (`id_material_category`)
) ENGINE=MyISAM AUTO_INCREMENT=25 DEFAULT CHARSET=utf8 COMMENT='Бренды материалов салона';

-- Дамп данных таблицы vasilyno_salon.vasilyno_brand: 24 rows
/*!40000 ALTER TABLE `vasilyno_brand` DISABLE KEYS */;
INSERT INTO `vasilyno_brand` (`id`, `id_material_category`, `name_brand`) VALUES
	(1, 1, 'MATRIX'),
	(2, 2, 'INFINIUM CRYSTAL'),
	(3, 2, 'ELNETT LAQUE'),
	(4, 3, 'ELNETT LAQUE'),
	(5, 4, 'SERIOXYL'),
	(6, 6, 'MITHYC OIL'),
	(7, 4, 'VITAMINO COLOR'),
	(8, 7, 'VITAMINO COLOR'),
	(9, 8, 'VITAMINO COLOR'),
	(10, 4, 'Абсолют Липидиум'),
	(11, 7, 'Абсолют Липидиум'),
	(12, 8, 'Абсолют Липидиум'),
	(13, 4, 'Волюметри'),
	(14, 8, 'Волюметри'),
	(15, 4, 'Про-Кератин Рефил'),
	(16, 7, 'Про-Кератин Рефил'),
	(17, 8, 'Про-Кератин Рефил'),
	(18, 4, 'Люмино Контраст'),
	(19, 7, 'Люмино Контраст'),
	(20, 3, 'Люмино Контраст'),
	(21, 4, 'Лисс Анлимитид'),
	(22, 8, 'Лисс Анлимитид'),
	(23, 7, 'Лисс Анлимитид'),
	(24, 6, 'Лисс Анлимитид');
/*!40000 ALTER TABLE `vasilyno_brand` ENABLE KEYS */;

-- Дамп структуры для таблица vasilyno_salon.vasilyno_client
CREATE TABLE IF NOT EXISTS `vasilyno_client` (
  `id` int(10) NOT NULL AUTO_INCREMENT,
  `name_client` varchar(120) NOT NULL,
  `birthday` date NOT NULL,
  `phone` varchar(20) NOT NULL,
  `email` varchar(120) NOT NULL,
  `note` varchar(512) NOT NULL,
  PRIMARY KEY (`id`)
) ENGINE=MyISAM AUTO_INCREMENT=16 DEFAULT CHARSET=utf8 COMMENT='Клиенты салона';

-- Дамп данных таблицы vasilyno_salon.vasilyno_client: 15 rows
/*!40000 ALTER TABLE `vasilyno_client` DISABLE KEYS */;
INSERT INTO `vasilyno_client` (`id`, `name_client`, `birthday`, `phone`, `email`, `note`) VALUES
	(1, 'Пупкин Иван', '1990-06-19', '8 988 365 54 98', 'pupkin@mail.ru', 'всегда на веселе'),
	(2, 'Пушкин', '1992-06-19', '8 988 365 54 98', 'pupkin@mail.ru', 'всегда на веселе'),
	(3, 'Виктор', '1992-06-19', '8 988 365 54 98', 'pupkin@mail.ru', 'всегда на веселе'),
	(4, 'Ваня', '1992-06-19', '8 988 365 54 98', 'pupkin@mail.ru', 'всегда на веселе'),
	(5, 'скайрим', '1992-06-19', '8 988 365 54 98', 'pupkin@mail.ru', 'всегда на веселе'),
	(6, 'Ткачев', '1992-06-19', '8 988 365 54 98', 'pupkin@mail.ru', 'всегда на веселе'),
	(7, 'зина', '1992-06-19', '8 988 365 54 98', 'pupkin@mail.ru', 'всегда на веселе'),
	(8, 'гриша', '1992-06-19', '8 988 365 54 98', 'pupkin@mail.ru', 'всегда на веселе'),
	(9, 'Пугачева', '1992-06-19', '8 988 365 54 98', 'pupkin@mail.ru', 'всегда на веселе'),
	(10, 'яйцун', '1992-06-19', '8 988 365 54 98', 'pupkin@mail.ru', 'всегда на веселе'),
	(11, 'кеша', '1992-06-19', '8 988 365 54 98', 'pupkin@mail.ru', 'всегда на веселе'),
	(12, 'дергаусов', '1992-06-19', '8 988 365 54 98', 'pupkin@mail.ru', 'всегда на веселе'),
	(13, 'Семен', '1992-06-19', '8 988 365 54 98', 'pupkin@mail.ru', 'всегда на веселе'),
	(14, 'крифко', '1992-06-19', '8 988 365 54 98', 'pupkin@mail.ru', 'всегда на веселе'),
	(15, 'Трубодуров', '1992-06-19', '8 988 365 54 98', 'pupkin@mail.ru', 'всегда на веселе');
/*!40000 ALTER TABLE `vasilyno_client` ENABLE KEYS */;

-- Дамп структуры для таблица vasilyno_salon.vasilyno_master
CREATE TABLE IF NOT EXISTS `vasilyno_master` (
  `id` int(10) NOT NULL AUTO_INCREMENT,
  `id_service_category` int(10) NOT NULL,
  `name_master` varchar(120) NOT NULL,
  `sex` varchar(20) NOT NULL,
  `phone` varchar(20) NOT NULL,
  `working_time` varchar(1512) NOT NULL,
  PRIMARY KEY (`id`),
  KEY `id_service_category` (`id_service_category`)
) ENGINE=MyISAM AUTO_INCREMENT=16 DEFAULT CHARSET=utf8 COMMENT='Мастера и их специализации';

-- Дамп данных таблицы vasilyno_salon.vasilyno_master: 15 rows
/*!40000 ALTER TABLE `vasilyno_master` DISABLE KEYS */;
INSERT INTO `vasilyno_master` (`id`, `id_service_category`, `name_master`, `sex`, `phone`, `working_time`) VALUES
	(1, 2, 'Кадымова М.', 'wiman', '653', 'вторая смена'),
	(2, 2, 'Клеймова О.', 'wiman', '653', 'вторая смена'),
	(3, 3, 'Овакимян Т.', 'wiman', '653', 'вторая смена'),
	(4, 3, 'Литвиенко А.', 'men', '653', 'вторая смена'),
	(5, 2, 'Попова Т.', 'men', '653', 'вторая смена'),
	(6, 2, 'Терещенко Н.', 'wiman', '653', 'вторая смена'),
	(7, 2, 'Крысанова И.', 'wiman', '653', 'вторая смена'),
	(8, 1, 'Кашаева Т.', 'wiman', '653', 'первая смена'),
	(9, 1, 'Васина Н.', 'wiman', '653', 'первая смена'),
	(10, 1, 'Карслян О.', 'wiman', '653', 'первая смена'),
	(11, 1, 'Карташова Е.', 'men', '653', 'первая смена'),
	(12, 1, 'Леонтьева В.', 'men', '653', 'первая смена'),
	(13, 2, 'Слепцова', 'men', '653', 'первая смена'),
	(14, 3, 'Бахтинян Р.', 'men', '653', 'первая смена'),
	(15, 3, 'Владимирова Л.', 'men', '653', 'вторая смена');
/*!40000 ALTER TABLE `vasilyno_master` ENABLE KEYS */;

-- Дамп структуры для таблица vasilyno_salon.vasilyno_material
CREATE TABLE IF NOT EXISTS `vasilyno_material` (
  `id` int(10) NOT NULL AUTO_INCREMENT,
  `id_brand` int(10) DEFAULT NULL,
  `id_material_category` int(10) DEFAULT NULL,
  `name_material` varchar(120) NOT NULL,
  `material_code` varchar(120) NOT NULL,
  `price_product` float(20,2) NOT NULL,
  `price_per_gram_product` float(20,2) NOT NULL,
  `description` varchar(512) NOT NULL,
  PRIMARY KEY (`id`),
  KEY `id_brand` (`id_brand`),
  KEY `id_material_category` (`id_material_category`)
) ENGINE=MyISAM AUTO_INCREMENT=61 DEFAULT CHARSET=utf8 COMMENT='Расходные материалы';

-- Дамп данных таблицы vasilyno_salon.vasilyno_material: 60 rows
/*!40000 ALTER TABLE `vasilyno_material` DISABLE KEYS */;
INSERT INTO `vasilyno_material` (`id`, `id_brand`, `id_material_category`, `name_material`, `material_code`, `price_product`, `price_per_gram_product`, `description`) VALUES
	(1, 5, 4, 'СЕРИОКСИЛ шампунь д/окраш волос 1000 мл', 'E1013200', 1487.00, 0.00, 'БУГАГА'),
	(2, 5, 4, 'СЕРИОКСИЛ шампунь д/окраш волос 1000 мл', 'E1013200', 1487.00, 0.00, 'БУГАГА'),
	(3, 5, 4, 'СЕРИОКСИЛ смываемый уход д/нат.волос 1000 мл', 'E1013400', 2487.00, 0.00, 'БУГАГА'),
	(4, 5, 4, 'СЕРИОКСИЛ смываемый уход д/окраш волос 1000мл', 'E1013500', 2487.00, 0.00, 'БУГАГА'),
	(5, 5, 4, 'СЕРИОКСИЛ пилинг д/кожи головы 15х15мл', 'E1012600', 2487.00, 0.00, 'БУГАГА'),
	(6, 2, 2, 'ИНФИНИУМ КРИСТАЛ ЭКСТРЕМ 75 мл лак экстремально сильной фиксации (фикс.5) ', 'E1538800', 287.00, 0.00, 'А'),
	(7, 2, 2, 'ИНФИНИУМ КРИСТАЛ ЭКСТРЕМ 300 мл лак экстремально сильной фиксации (фикс.5) ', 'E1538800', 287.00, 0.00, 'А'),
	(8, 2, 2, 'ИНФИНИУМ КРИСТАЛ ЭКСТРЕМ 500 мл лак экстремально сильной фиксации (фикс.5) ', 'E1538500', 287.00, 0.00, 'А'),
	(9, 2, 2, 'ИНФИНИУМ КРИСТАЛ СОФТ 75 мл лак средней фиксации (фикс.2) ', 'E0875000', 287.00, 0.00, 'А'),
	(10, 3, 2, 'ЭЛЬНETТ Жеробоам Лак 500 мл', 'E0016701', 387.00, 7.50, 'А'),
	(11, 1, 1, 'SoColor Beuty (90 гр)', 'Ryazan', 675.00, 7.50, 'erfgwegrger'),
	(12, 1, 1, 'Color Synk (90 гр)', 'Ryazan', 675.00, 8.50, 'erfgwegrger'),
	(13, 1, 1, 'SoRed (90 гр)', 'Ryazan', 765.00, 0.00, 'erfgwegrger'),
	(14, 1, 1, 'V-Light', 'Ryazan', 200.00, 0.00, 'erfgwegrger'),
	(15, 6, 6, 'Митик Ойл Укрепляющая сыворотка 50 мл для волос и кожи головы', 'E0985600', 2130.00, 0.00, 'erfgwegrger'),
	(16, 6, 6, 'Митик Оил Мерцающее масло - роскошное масло для волос и тела 100мл', 'E1436000', 1710.00, 0.00, 'erfgwegrger'),
	(17, 6, 6, 'Митик Оил масло-сияние для волос премиум 100мл ', 'E1442200', 1260.00, 0.00, 'erfgwegrger'),
	(18, 6, 6, 'Митик Ойл Дисциплин. масло для волос премиум 100мл', 'E1435800', 1260.00, 0.00, 'erfgwegrger'),
	(19, 6, 6, 'Митик Ойл Питательное масло для волос премиум 100мл', 'E1435600', 1260.00, 0.00, 'erfgwegrger'),
	(20, 6, 4, 'Митик Оил Питательный шампунь для всех типов волос, 250 мл', 'E0568200', 830.00, 0.00, 'erfgwegrger'),
	(21, 6, 4, 'Митик Оил Питательный смываемый уход для всех типов волос, 190 мл ', 'E0568400', 1130.00, 0.00, 'erfgwegrger'),
	(22, 6, 4, 'Набор Митик Ойл Шампунь 190мл + Смываемый Уход 150мл + ЛАК INFINIUM 75мл В ПОДАРОК', 'URU02870', 423.00, 0.00, 'erfgwegrger'),
	(23, 7, 4, 'Витамино Колор AOX Шампунь 250 мл', 'E1491500', 820.00, 0.00, 'erfgwegrger'),
	(24, 7, 4, 'Витамино Колор Софт Клинс шамп 150мл  Идеально для волос, окрашенных INOA ', 'E1492400', 1660.00, 0.00, 'erfgwegrger'),
	(25, 7, 4, 'Витамино Колор Инфинит спрей 10 в 1 мультифункциональный 190мл', 'E1493300', 1280.00, 0.00, 'erfgwegrger'),
	(26, 8, 7, 'Витамино Колор AOX Маска 200 мл', 'E1492000', 1420.00, 0.00, 'erfgwegrger'),
	(27, 8, 7, 'Витамино Колор Фреш Филл маска 150мл Идеально для волос, окрашенных INOA ', 'E1584200', 1730.00, 0.00, 'erfgwegrger'),
	(28, 9, 8, 'Витамино Колор AOX смываемый уход 150 мл', 'E1491800', 1120.00, 0.00, 'erfgwegrger'),
	(29, 10, 4, 'Абсолют Липидиум Шампунь 250мл', 'E1003600', 820.00, 0.00, 'erfgwegrger'),
	(30, 12, 8, 'Абсолют Липидиум Смыв.уход 150мл', 'E1004500', 1120.00, 0.00, 'erfgwegrger'),
	(31, 11, 7, 'Абсолют Липидиум Маска 200мл', 'E1004700', 1420.00, 0.00, 'erfgwegrger'),
	(32, 13, 4, 'Волюметри Шампунь 250мл', 'E1004700', 820.00, 0.00, 'erfgwegrger'),
	(33, 14, 8, 'Волюметри Смыв.уход 150мл ', 'E0717600', 1120.00, 0.00, 'erfgwegrger'),
	(34, 14, 8, 'Волюметри Несмыв.спрей-уход 125мл', 'E0718000', 1420.00, 0.00, 'erfgwegrger'),
	(35, 15, 4, 'Про-Кератин Рефил Шампунь 250мл ', 'E0714800', 820.00, 0.00, 'erfgwegrger'),
	(36, 16, 7, 'Про-Кератин Рефил Маска 200мл', 'E0716300', 1120.00, 0.00, 'erfgwegrger'),
	(37, 17, 8, 'Про-Кератин Рефил Смыв.уход 150мл', 'E0714800', 1420.00, 0.00, 'erfgwegrger'),
	(38, 18, 4, 'Люмино Контраст шампунь 250мл', '73516', 820.00, 0.00, 'erfgwegrger'),
	(39, 19, 7, 'Люмино Контраст маска 200 мл', '73514', 1420.00, 0.00, 'erfgwegrger'),
	(40, 20, 3, 'Люмино Контраст гель-флюид 50 мл', '73519', 1620.00, 0.00, 'erfgwegrger'),
	(41, 21, 4, 'Лисс Анлимитид Шампунь 250мл', 'E0739300', 820.00, 0.00, 'erfgwegrger'),
	(42, 22, 8, 'Лисс Анлимитид Смыв. уход 150мл', 'E0740300', 1120.00, 0.00, 'erfgwegrger'),
	(43, 23, 7, 'Лисс Анлимитид Маска 200мл', 'E0742300', 1240.00, 0.00, 'erfgwegrger'),
	(44, 24, 6, 'Лисс Анлимитид Темозащитное масло-сияние 125мл', 'E0915300', 1300.00, 0.00, 'erfgwegrger'),
	(45, 7, 4, 'Витамино Колор AOX Шампунь 1500мл', 'E1491700', 3380.00, 0.00, 'erfgwegrger'),
	(46, 7, 4, 'Витамино Колор Софт Клинсер шамп 500мл для волос, окрашенных INOA, БЕЗ СУЛЬФАТОВ', 'E1492700', 1280.00, 42.00, 'erfgwegrger'),
	(47, 9, 8, 'Витамино Колор AOX смываемый уход 750 мл', 'E1491900', 3100.00, 0.00, 'erfgwegrger'),
	(48, 9, 8, 'Вит.Колор, Кристалсьютик сывор. 200мл', 'E1584400', 1150.00, 0.00, 'erfgwegrger'),
	(49, 8, 7, 'Витамино Колор AOX Маска 500 мл', 'E1492300', 2190.00, 0.00, 'erfgwegrger'),
	(50, 8, 7, 'Витамино Колор Фреш Филл маска 500мл для волос, окрашенных INOA, БЕЗ СУЛЬФАТОВ', 'E1492700', 1280.00, 42.00, 'erfgwegrger'),
	(51, 7, 4, 'Вит.Колор, Кристалсьютик маска 15*15мл', 'E1584500', 3670.00, 0.00, 'erfgwegrger'),
	(52, 21, 4, 'Лисс Анлимитид Шампунь 1500мл', 'E0739700', 3380.00, 0.00, 'erfgwegrger'),
	(53, 22, 8, 'Лисс Анлимитид Смыв.уход 750мл', 'E0740700', 3100.00, 0.00, 'erfgwegrger'),
	(54, 17, 8, 'Про-Кератин Рефил уход смываемый 750мл', 'E0715000', 3090.00, 0.00, 'erfgwegrger'),
	(55, 17, 8, 'Про-Кератин Рефил монодоза 30*10мл', 'E0715501', 8120.00, 0.00, 'erfgwegrger'),
	(56, 10, 4, 'Абсолют Липидиум Шампунь 1500мл', 'E1004000', 3380.00, 0.00, 'erfgwegrger'),
	(57, 10, 4, 'Абсолют Липидиум Шампунь 750мл', 'E1436300', 1250.00, 0.00, 'erfgwegrger'),
	(58, 12, 8, 'Абсолют Липидиум Смыв.уход 750мл', 'E1004900', 3100.00, 0.00, 'erfgwegrger'),
	(59, 12, 8, 'Абсолют Липидиум Пауэрдозы 30*10мл', 'E1005500', 8120.00, 0.00, 'erfgwegrger'),
	(60, 11, 7, 'Абсолют Липидиум Маска 500мл', 'E1004400', 2190.00, 0.00, 'erfgwegrger');
/*!40000 ALTER TABLE `vasilyno_material` ENABLE KEYS */;

-- Дамп структуры для таблица vasilyno_salon.vasilyno_material_category
CREATE TABLE IF NOT EXISTS `vasilyno_material_category` (
  `id` int(10) NOT NULL AUTO_INCREMENT,
  `name_material_category` varchar(120) NOT NULL,
  PRIMARY KEY (`id`)
) ENGINE=MyISAM AUTO_INCREMENT=10 DEFAULT CHARSET=utf8 COMMENT='Категории материалов салона';

-- Дамп данных таблицы vasilyno_salon.vasilyno_material_category: 9 rows
/*!40000 ALTER TABLE `vasilyno_material_category` DISABLE KEYS */;
INSERT INTO `vasilyno_material_category` (`id`, `name_material_category`) VALUES
	(1, 'Краска'),
	(2, 'Лак'),
	(3, 'Гель'),
	(4, 'Шампунь'),
	(5, 'Оксидант'),
	(6, 'Масло'),
	(7, 'Маска'),
	(8, 'Смывающийся уход'),
	(9, 'Крем');
/*!40000 ALTER TABLE `vasilyno_material_category` ENABLE KEYS */;

-- Дамп структуры для таблица vasilyno_salon.vasilyno_service_category
CREATE TABLE IF NOT EXISTS `vasilyno_service_category` (
  `id` int(10) NOT NULL AUTO_INCREMENT,
  `name_service_category` varchar(120) NOT NULL,
  PRIMARY KEY (`id`)
) ENGINE=MyISAM AUTO_INCREMENT=4 DEFAULT CHARSET=utf8 COMMENT='Категории материалов салона';

-- Дамп данных таблицы vasilyno_salon.vasilyno_service_category: 3 rows
/*!40000 ALTER TABLE `vasilyno_service_category` DISABLE KEYS */;
INSERT INTO `vasilyno_service_category` (`id`, `name_service_category`) VALUES
	(1, 'Парикмахер'),
	(2, 'Мастер маникюра'),
	(3, 'Косметолог');
/*!40000 ALTER TABLE `vasilyno_service_category` ENABLE KEYS */;

-- Дамп структуры для таблица vasilyno_salon.vasilyno_service_type
CREATE TABLE IF NOT EXISTS `vasilyno_service_type` (
  `id` int(10) NOT NULL AUTO_INCREMENT,
  `id_service_category` int(10) NOT NULL,
  `name_service_type` varchar(120) NOT NULL,
  `price` float(20,2) NOT NULL,
  PRIMARY KEY (`id`),
  KEY `id_service_category` (`id_service_category`)
) ENGINE=MyISAM AUTO_INCREMENT=167 DEFAULT CHARSET=utf8 COMMENT='Типы сервисов салона';

-- Дамп данных таблицы vasilyno_salon.vasilyno_service_type: 166 rows
/*!40000 ALTER TABLE `vasilyno_service_type` DISABLE KEYS */;
INSERT INTO `vasilyno_service_type` (`id`, `id_service_category`, `name_service_type`, `price`) VALUES
	(1, 1, 'Стрижка наголо (мужская)', 150.00),
	(2, 1, 'Стрижка под насадку (мужская)', 350.00),
	(3, 1, 'Стрижка (мужская)', 400.00),
	(4, 1, 'Модельная стрижка (мужская)', 450.00),
	(5, 1, 'Креативная стрижка (мужская)', 500.00),
	(6, 1, 'Мытье волос (мужская)', 100.00),
	(7, 1, 'Сушка волос под сушуаром (мужская)', 50.00),
	(8, 1, 'Сушка волос феном (мужская) До 5 см', 50.00),
	(9, 1, 'Сушка волос феном (мужская) До 10 см', 80.00),
	(10, 1, 'Сушка волос феном (мужская) До 15 см', 100.00),
	(11, 1, 'Укладка (мужская) До 10 см', 100.00),
	(12, 1, 'Укладка (мужская) До 20 см', 150.00),
	(13, 1, 'Укладка (мужская) Свыше 20 см', 180.00),
	(14, 1, 'Коррекция формы борода (мужская)', 200.00),
	(15, 1, 'Стрижка усов (мужская)', 100.00),
	(16, 1, 'Стрижка бровей, подравнивание висков (мужская)', 100.00),
	(17, 1, 'Удаление волос (уши) (мужская)', 50.00),
	(18, 1, 'Окантовка (мужская)', 200.00),
	(19, 1, 'Массаж головы (мужская)', 100.00),
	(20, 1, 'Маска питательная для волос (мужская)', 100.00),
	(21, 1, 'Окрашивание волос (мужская)', 650.00),
	(22, 1, 'Химическая завивка (мужская)', 800.00),
	(23, 1, 'Мытье волос (женская)', 100.00),
	(24, 1, 'Биолаж (терапия для волос) (мужская)', 100.00),
	(25, 1, 'Сушка феном (женская) Короткие', 350.00),
	(26, 1, 'Сушка феном (женская) Средние', 450.00),
	(27, 1, 'Сушка феном (женская) Длинные', 550.00),
	(28, 1, 'Укладка волос (женская)', 600.00),
	(29, 1, 'Отглаживание волос (женская)', 600.00),
	(30, 1, 'Модельная стрижка (женская) Короткие', 600.00),
	(31, 1, 'Модельная стрижка (женская) Средние', 700.00),
	(32, 1, 'Модельная стрижка (женская) Длинные', 800.00),
	(33, 1, 'Укладка на диффузор (женская)', 450.00),
	(34, 1, 'Стрижка челки (женская)', 100.00),
	(35, 1, 'Прическа (женская)', 2500.00),
	(36, 1, 'Плетение косички (женская)', 400.00),
	(37, 1, 'Современные виды окрашивания (женская)', 500.00),
	(38, 1, 'Химическая завивка (работа) (женская)', 800.00),
	(39, 1, 'Мелирование (работа) (женская)', 700.00),
	(40, 1, 'Биолаж (терапия) (женская)', 500.00),
	(41, 1, 'Укладка вечерняя (накрутка на плойку) (женская)', 1000.00),
	(42, 1, 'Мытье волос (стажеры)', 10.00),
	(43, 1, 'Сушка волос под сушуаром (стажеры)', 20.00),
	(44, 1, 'Сушка волос феном (стажеры)', 30.00),
	(45, 1, 'Укладка (стажеры)', 50.00),
	(46, 1, 'Прическа (стажеры)', 400.00),
	(47, 1, 'Стрижка мужская (стажеры)', 150.00),
	(48, 1, 'Стрижка женская (стажеры)', 100.00),
	(49, 1, 'Стрижка челки (стажеры)', 30.00),
	(50, 1, 'Стрижка с укладкой (стажеры)', 100.00),
	(51, 1, 'Стрижка бороды (стажеры)', 20.00),
	(52, 1, 'Химическая завивка (стажеры)', 300.00),
	(53, 1, 'Бигуди (стажеры)', 50.00),
	(54, 1, 'Окрашивание волос (стажеры)', 150.00),
	(55, 1, 'Мелирование волос(работа) (стажеры)', 200.00),
	(56, 1, 'Химическая завивка (расход 20 мл)', 870.00),
	(57, 1, 'Химическая завивка (расход 30 мл)', 890.00),
	(58, 1, 'Химическая завивка (расход 40 мл)', 930.00),
	(59, 1, 'Химическая завивка (расход 50 мл)', 1160.00),
	(60, 1, 'Химическая завивка (расход 60 мл)', 1190.00),
	(61, 1, 'Химическая завивка (расход 70 мл)', 1420.00),
	(62, 1, 'Химическая завивка (расход 80 мл)', 1450.00),
	(63, 1, 'Химическая завивка (расход 90 мл)', 1480.00),
	(64, 1, 'Химическая завивка (расход 100 мл)', 1810.00),
	(65, 1, 'Химическая завивка (расход 110 мл)', 1840.00),
	(66, 1, 'Химическая завивка (расход 120 мл)', 1870.00),
	(67, 2, 'Покрытие ногтей лаком клиента', 30.00),
	(68, 2, 'Покрытие ногтей без маникюра лаком', 60.00),
	(69, 2, 'Мужской гигиенический', 300.00),
	(70, 2, 'Массаж рук', 50.00),
	(71, 2, 'Шлифовка и полировка ногтей', 50.00),
	(72, 2, 'Покрытие Френч лаком', 250.00),
	(73, 2, 'Мужской педикюр', 600.00),
	(74, 2, 'Вросший ноготь', 50.00),
	(75, 2, 'Декоративное покрытие ногтей', 100.00),
	(76, 2, 'Мужской маникюг гигиенический', 400.00),
	(77, 2, 'Парафинотерапия', 400.00),
	(78, 2, 'Педикюр гигиенический без покрытия лаком', 500.00),
	(79, 2, 'Педикюр гигиенический (пальцы) без покрытия ногтей лаком', 350.00),
	(80, 2, 'Массаж ног', 70.00),
	(81, 2, 'СПА процедуры', 100.00),
	(82, 2, 'Скрабирование', 50.00),
	(83, 2, 'Ремонт 1 ногтевой пластины(акрил,гель)', 100.00),
	(84, 2, 'Снятие шеллака', 150.00),
	(85, 2, 'Покрытие шеллака', 700.00),
	(86, 2, 'Покрытие шеллака (Френч)', 850.00),
	(87, 2, 'Снятие лака витаминной жидкостью', 10.00),
	(88, 2, 'Покрытие Внилюкс', 250.00),
	(89, 2, 'Внилюкс Френч', 350.00),
	(90, 2, 'Снятие Внилюкса', 50.00),
	(91, 2, 'Наращивание под лак', 1600.00),
	(92, 2, 'Коррекция под лак', 1200.00),
	(93, 2, 'Наращивание (Френч)', 2000.00),
	(94, 2, 'Коррекция (Френч)', 1550.00),
	(95, 2, 'Наращивание (Аквариум)', 2500.00),
	(96, 2, 'Коррекция (Аквариум)', 1500.00),
	(97, 2, 'Укрепление ногтей гелем', 1100.00),
	(98, 2, 'Коррекция ногтей на ногах', 1500.00),
	(99, 2, 'Снятие геля, искуственных ногтей', 500.00),
	(100, 2, 'Наклеивание типсов', 300.00),
	(101, 2, 'Женский маникюр (с покрытием) (стажеры)', 80.00),
	(102, 2, 'Мужской маникюр (с покрытием) (стажеры)', 100.00),
	(103, 2, 'Женский педикюр (стажеры)', 150.00),
	(104, 2, 'Мужской педикюр (стажеры)', 200.00),
	(105, 2, 'Покрытие ногтей (стажеры)', 20.00),
	(106, 3, 'Комплексная чистка', 2000.00),
	(107, 3, 'Демокияж (очищение)', 150.00),
	(108, 3, 'Прохладное гидрирование', 300.00),
	(109, 3, 'Вапаризатор', 100.00),
	(110, 3, 'Лечебный массаж по ЖАКЭ', 200.00),
	(111, 3, 'Д Арсенваль', 100.00),
	(112, 3, 'Маска подсушивающая', 200.00),
	(113, 3, 'Маска охлаждающая', 300.00),
	(114, 3, 'Кислотная чистка', 500.00),
	(115, 3, 'Демакияж', 150.00),
	(116, 3, 'Очищающий скраб', 200.00),
	(117, 3, 'Биокомплекс с АНА-кислотами', 500.00),
	(118, 3, 'Маска успокаивающая', 400.00),
	(119, 3, 'Энзимный пилинг (глубокая чистка)', 500.00),
	(120, 3, 'Маски', 500.00),
	(121, 3, 'Маска питательная', 400.00),
	(122, 3, 'Маска успокаивающая', 400.00),
	(123, 3, 'Маска увлажняющая', 400.00),
	(124, 3, 'Маска парафиновая', 400.00),
	(125, 3, 'Маски альгинатные', 500.00),
	(126, 3, 'Маски моделирующие', 500.00),
	(127, 3, 'Маски пластифицирующие', 500.00),
	(128, 3, 'Маски (дают разглаживающий эффект)', 500.00),
	(129, 3, 'Маска РОЗОВАЯ с витамином С, РР, А', 500.00),
	(130, 3, 'Маска ГОЛУБАЯ морская с минералами', 500.00),
	(131, 3, 'Маска отбеливающая (с охлаждающим эффектом)', 500.00),
	(132, 3, 'Коллагеновые биоматрицы', 500.00),
	(133, 3, 'Ампульные концентраты', 200.00),
	(134, 3, 'Активные концентраты', 200.00),
	(135, 3, 'Массаж лица', 600.00),
	(136, 3, 'Массаж задней поверхности шеи', 400.00),
	(137, 3, 'Демокияж (очищение)', 150.00),
	(138, 3, 'Массаж', 500.00),
	(139, 3, 'Маска', 400.00),
	(140, 3, 'Химический пилинг', 1500.00),
	(141, 3, 'Окраска ресниц', 200.00),
	(142, 3, 'Окраска бровей', 200.00),
	(143, 3, 'Коррекция бровей', 200.00),
	(144, 3, 'Восковая депиляция ног до колена', 500.00),
	(145, 3, 'Восковая депиляция ног полностью', 1000.00),
	(146, 3, 'Восковая депиляция рук до локтя', 400.00),
	(147, 3, 'Восковая депиляция рук полностью', 600.00),
	(148, 3, 'Восковая депиляция бикини полностью', 600.00),
	(149, 3, 'Восковая депиляция дизайн бикини', 800.00),
	(150, 3, 'Восковая депиляция верхней губы', 200.00),
	(151, 3, 'Восковая депиляция подбородка', 200.00),
	(152, 3, 'Восковая депиляция крем', 50.00),
	(153, 3, 'Депиляция Шугарин-сахарная бикини полностью', 1200.00),
	(154, 3, 'Депиляция Шугарин-сахарная бикини частично', 500.00),
	(155, 3, 'Депиляция Шугарин-сахарная подмышечные впадины', 200.00),
	(156, 3, 'Наращивание ресниц 1 пучок', 50.00),
	(157, 3, 'Наращивание ресниц (пореснично)', 1500.00),
	(158, 3, 'Макияж дневной', 800.00),
	(159, 3, 'Макияж вечерний', 1200.00),
	(160, 3, 'Массаж (стажеры)', 20.00),
	(161, 3, 'Коррекция бровей (стажеры)', 50.00),
	(162, 3, 'Окраска бровей (стажеры)', 50.00),
	(163, 3, 'Гигиеническая чистка лица (стажеры)', 200.00),
	(164, 3, 'Косметический массаж лица (стажеры)', 100.00),
	(165, 3, 'Маска (стажеры)', 100.00),
	(166, 3, 'Окраска ресниц (стажеры)', 50.00);
/*!40000 ALTER TABLE `vasilyno_service_type` ENABLE KEYS */;

/*!40101 SET SQL_MODE=IFNULL(@OLD_SQL_MODE, '') */;
/*!40014 SET FOREIGN_KEY_CHECKS=IF(@OLD_FOREIGN_KEY_CHECKS IS NULL, 1, @OLD_FOREIGN_KEY_CHECKS) */;
/*!40101 SET CHARACTER_SET_CLIENT=@OLD_CHARACTER_SET_CLIENT */;
